{"stock_price_range": [19000, 19050, 19100, 19150, 19200, 19250, 19300, 19350, 19400, 19450, 19500, 19550, 19600, 19650, 19700, 19750, 19800, 19850, 19900, 19950, 20000, 20050, 20100, 20150, 20200, 20250, 20300, 20350, 20400, 20450, 20500, 20550, 20600, 20650, 20700, 20750, 20800, 20850, 20900, 20950, 21000], "profits": [611.5999999999999, 561.5999999999999, 511.59999999999997, 461.59999999999997, 411.59999999999997, 361.59999999999997, 311.59999999999997, 261.59999999999997, 211.59999999999997, 161.59999999999997, 111.59999999999997, 61.599999999999994, 11.599999999999994, -38.400000000000006, -88.4, -138.4, -188.4, -238.4, -188.4, -138.4, -88.4, -38.400000000000006, 11.599999999999994, 61.599999999999994, 111.6, 161.6, 211.6, 261.6, 311.6, 361.6, 411.6, 461.6, 511.6, 561.6, 611.6, 661.6, 711.6, 761.6, 811.6, 861.6, 911.6]}